<?xml version="1.0" encoding="UTF-8"?>
<hibernate-configuration>
 <session-factory>

 <property name="hibernate.connection.driver_class">com.mysql.cj.jdbc.Driver</property>
 <property name="hibernate.connection.url">jdbc:mysql://root@localhost:3306/expensetrackerdb</property>
 <property name="hibernate.connection.username">root</property>
 <property name="hibernate.connection.password">Ambeshree</property>

 <property name="hibernate.dialect">org.hibernate.dialect.MySQL8Dialect</property>
 <property name="hibernate.hbm2ddl.auto">update</property>

 <property name="hibernate.show_sql">false</property>
 <property name="hibernate.format_sql">true</property>
 
 <!-- NO <mapping> tags here! -->
 <mapping class="entity.User"/>
 <mapping class="entity.Expense"/>
  

 </session-factory>
</hibernate-configuration>

